Fecha Registro;Nombre Completo;Institución;Método Pago;Monto ($)
20/09/2026 18:56;WALTER PERAZA-PADILLA;UNIVERSIDAD NACIONAL DE COSTA RICA;CULQI;610
18/09/2026 09:40;DEBORAH NEHER WEICHT;UNIVERSITY OF VERMONT;CULQI;610
16/09/2026 21:48;SERGEI A SUBBOTIN;CALIFORNIA DEPARTMENT OF FOOD AND AGRICULTURE;CULQI;610
15/09/2026 19:24;JORGE ALBERTO LLONTOP LLAQUE;UNIVERSIDAD NACIONAL PEDRO RUIZ GALLO;BCP;400
14/09/2026 09:08;LARRY DUNCAN;UNIVERSITY OF FLORIDA;CULQI;610
9/09/2026 11:41;AURELIO CIANCIO;IPSP CNR;CULQI;610
8/09/2026 08:15;CLAUDIA DIAS ARIEIRA;UNIVERSIDADE ESTADUAL DE MARINGÁ;CULQI;610
7/09/2026 18:46;ABRAHAM OKKI MWAMULA;KYUNGPOOK NATIONAL UNIVERSITY;CULQI;710
1/09/2026 17:13;BRENDA MÉNDEZ RIVERA;UNIVERSIDAD DE COSTA RICA;CULQI;300
31/08/2026 13:36;JORGE LUIS CORDOVA BARRAZUETA;UNIVERSIDAD NACIONAL DE TRUJILLO;BCP;150
31/08/2026 13:27;ZINTHIA NOEMI NEIRA SANCHEZ;UNIVERSIDAD NACIONAL DE TRUJILLO;BCP;150
30/08/2026 23:01;CAROLINA  GIOVANNA ZAVALETA HUERTA;UNIVERSIDAD NACIONAL DE TRUJILLO;BCP;300
30/08/2026 22:28;MARTIN AUGUSTO DELGADO JUNCHAYA;UNIVERSIDAD PRIVADA ANTENOR ORREGO;BCP;300
30/08/2026 22:12;CAROLINA ESTHER CEDANO SAAVEDRA;UNIVERSIDAD NACIONAL DE TRUJILLO;BCP;300
30/08/2026 18:26;MAYRA ALEJANDRA CONTRERAS VASQUEZ;UNIVERSIDAD NACIONAL DE CAÑETE;BCP;300
30/08/2026 14:11;DR. RENATO INSERRA;FLORIDA DEPT AGRICULTURE;CULQI;580
30/08/2026 12:36;JEFFERSON MICHAEL ROSAS MARTINEZ;SIMBIO;BCP;300
28/08/2026 14:28;DR. JULIA MEREDITH;USDA;CULQI;580
26/08/2026 18:48;JANET EDITH GONZALES VALDIVIA;UNIVERSIDAD NACIONAL DE TRUJILLO;BCP;300
25/07/2026 02:47;DR.;KYUNGPOOK NATIONAL UNIVERSITY;CULQI;680
19/07/2026 07:27;MARA RUBIA DA ROCHA;UNIVERSIDADE FEDERAL DE GOIAS;CULQI;580
9/06/2026 15:41;LIZZETE DAYANA ROMERO MOYA;CHINESE ACADEMY OF AGRICULTURAL SCIENCE;CULQI;300
8/06/2026 16:04;ALVARO ANDRÉ MACHUCA LAYME;UNIVERSIDAD NACIONAL AGRARIA LA MOLINA;BCP;150
