Fecha Envío;Título;Autores;Afiliación;Keywords;Línea;MODALIDAD
29/09/2026 21:14;MORPHOMETRIC CHARACTERIZATION OF NATIVE ISOLATES OF HETERORHABDITIS SPP. (RHABDITIDA: HETERORHABDITIDAE) FROM AGROECOSYSTEMS OF ARAUCA AND NARIÑO, COLOMBIA;E. D. GÓMEZ-LÓPEZ¹*, J. S. HERREÑO-VARGAS², C. A. GAVIRIA-CUERO², AND C. A. URBANO-MUÑOZ². C. A. HUERTAS-DAVEY1;UNIVERSIDAD NACIONAL DE COLOMBIA;BIOLOGICAL CONTROL, ENTOMOPATHOGENS, HETERORHABDITIDAE, MORPHOMETRY, NATIVE NEMATODES.;Nematodos Entomopatógenos;ORAL
29/09/2026 16:37;RESPUESTA POBLACIONAL DE ELASMOPALPUS LIGNOSELLUS AL CONTROL BIOLÓGICO CON NEMATODOS ENTOMOPATÓGENOS EN EL CULTIVO DE ESPÁRRAGO, COSTA NORTE DEL PERÚ.;CAROLINA GIOVANNA ZAVALETA HUERTA;UNIVERSIDAD NACIONAL DE TRUJILLO;"ELASMOPALPUS LIGNOSELLUS; NEMATODOS ENTOMOPATÓGENOS HETERORHABDITIS INDICA; CONTROL BIOLÓGICO; ESPÁRRAGO.";Control Biológico de Nematodos;ORAL
29/09/2026 07:28;INTEGRATIVE TAXONOMY OF MELOIDOGYNE SPP. ON RICE IN BRAZIL:  MORPHOLOGICAL, BIOCHEMICAL, PATHOGENICITY AND MOLECULAR APPROACHES;"MATTOS, VANESSA; CASTAGNONE-SERENO, PHILIPPE; CARNEIRO, REGINA";EMBRAPA CENARGEN;"ESTERASE PHENOTYPES; IRRIGATED RICE; MOLECULAR DIAGNOSIS; ORYZA SATIVA; ROOT-KNOT  NEMATODES";Taxonomía, Filogenia y Biodiversidad;ORAL
29/09/2026 07:27;BIOLOGICAL AND GENETIC DIVERSITY OF MELOIDOGYNE SPP.  IN BRAZIL AND  PERSPECTIVES FOR NEMATODE MANAGEMENT;"MATTOS, VANESSA; CASTAGNONE-SERENO, PHILIPPE; CARNEIRO, REGINA";EMBRAPA CENARGEN;"ESTERASE PHENOTYPE; MOLECULAR DIAGNOSIS; RESISTANCE; ROOT-KNOT NEMATODES; SCAR";Taxonomía, Filogenia y Biodiversidad;ORAL
21/09/2026 21:58;EFECTO DE BACILLUS CEREUS (RP-18) SOBRE MELOIDOGYNE SPP. EN EL CULTIVO DE PIMIENTO PÁPRIKA;RODRIGUEZ ROMERO, MAYCOL HEYNER., ÑIQUE ROSALES, MANUEL ROBERTO., DELGADO JUNCHAYA, MARTIN AUGUSTO;UNIVERSIDAD PRIVADA ANTENOR ORREGO;"BACILLUS CEREUS; CAPSICUM ANNUUM; MELOIDOGYNE; BIOLOGICAL CONTROL; PHENOLIC COMPOUNDS.";Control Biológico de Nematodos;POSTER
21/09/2026 21:57;EFECTO DE TRICHODERMA HARZIANUM SOBRE MELOIDOGYNE SPP. EN EL CULTIVO DE PIMIENTO PAPRIKA;SULLÓN ANCAJIMA, SANDY SARAI., ÑIQUE ROSALES, MANUEL ROBERTO., DELGADO JUNCHAYA, MARTIN AUGUSTO;UNIVERSIDAD PRIVADA ANTENOR ORREGO;"TRICHODERMA HARZIANUM; CAPSICUM ANNUUM; MELOIDOGYNE; BIOLOGICAL CONTROL; PHENOLIC COMPOUNDS.";Control Biológico de Nematodos;POSTER
17/09/2026 12:35;NATIVE ENTOMOPATHOGENIC AND FREE-LIVING, KLEPTOPARASITE NEMATODE ATTRACTION TO SOIL AUGMENTED WITH COMMERCIAL EPN;KAMALI SHOKOOFEH, DRITSOULAS ALEXANDROS. DUNCAN LARRY, STELINSKI LUKASZ;UNIVERSITY OF FLORIDA, IFAS, CITRUS RESEARCH AND EDUCATION CENTER LAKE ALFRED, FL U.S.A.;COMPETITION, CONSERVATION BIOLOGICAL CONTROL, FOOD-WEB, SIGNALING;Nematodos Entomopatógenos;ORAL
15/09/2026 21:41;ATIVIDADE NEMATICIDA DE EXTRATO PIROLENHOSO DE EUCALIPTO SOBRE JUVENIS DE SEGUNDO ESTÁDIO DE MELOIDOGYNE JAVANICA IN VITRO;"MARQUES DE SOUZA, ANDRÉ¹; SANTOS NEVES, WÂNIA²; CARLOS DOS SANTOS, ANTONIO¹; AVELAR MONTEIRO, THALITA SUELEN³; RODRIGUES COUTINHO, RAUL³; GONÇALVES MACIEL, TALES; APARECIDA DE SOUZA, GENAÍNA¹";"¹UNIVERSIDADE FEDERAL DE VIÇOSA, VIÇOSA, MINAS GERAIS, BRASIL; ²EMPRESA DE PESQUISA AGROPECUÁRIA DE MINAS GERAIS (EPAMIG), VIÇOSA, MINAS GERAIS, BRASIL; ³MICROBIOTA BRASIL, VIÇOSA, MINAS GERAIS, BRASIL; AGÊNCIA DE DEFESA AGROPECUÁRIA DO PARANÁ,";CONTROLE ALTERNATIVO, BIOINSUMOS, MANEJO INTEGRADO, NEMATOIDE DAS GALHAS;Manejo Integrado de Nematodos;ORAL
15/09/2026 20:19;IDENTIFICACIÓN DE ESPECIE Y PÉRDIDA DE RENDIMIENTO POR MELOIDOGYNE SPP. EN ARROZ (ORYZA SATIVA), EN DOS REGIONES DE PERÚ”.;LLONTOP LLAQUE  JORGE ALBERTO;UNIVERSIDAD NACIONAL PEDRO RUIZ GALLO;ARROZ, MELOIDOGYNE, PÉRDIDAS, RENDIMIENTO, VALLES.;Interacción Nematodo-Planta;ORAL
15/09/2026 14:57;SELECTING CO-FORMULANTS THAT PRESERVE NEMATICIDAL ACTIVITY OF XENORHABDUS AND PHOTORHABDUS AGAINST XIPHINEMA INDEX;"MORALES-MONTERO, PATRICIA; OLAVE, JACOBO; FLORES-VARGAS, CONSTANZA; ABALLAY, LUNA; YAÑEZ, JAVIERA-IVANIA; FIORE, NICOLA; CASTANEDA-ALVAREZ, CARLOS";UNIVERSIDAD DE CHILE;BIOFORMULATION, BIOCONTROL, ENTOMOPATHOGENIC BACTERIA, GRAPEVINE FANLEAF VIRUS, VINEYARD PEST MANAGEMENT;Control Biológico de Nematodos;ORAL
15/09/2026 13:55;VARIATION IN NEMATICIDAL ACTIVITY OF PHOTORHABDUS AND XENORHABDUS CELL-FREE SUPERNATANTS AMONG PLANT-PARASITIC NEMATODES;"VICENTE-DÍEZ, IGNACIO; ZAMORANO, ALAN, ALBURQUENQUE-GARRIDO, CARLOS; SAN-BLAS, ERNESTO; PERAZZOLLI, MICHELE; CASTANEDA-ALVAREZ, CARLOS";UNIVERSIDAD DE CHILE;BACTERIAL SYMBIONTS, INTRASPECIFIC VARIATION, MICROBIAL BIOCONTROL, STRAIN POTENCY EFFICACY, XIPHINEMA INDEX;Control Biológico de Nematodos;ORAL
15/09/2026 13:44;PRIMER REPORTE DE UN AISLAMIENTO NATIVO DE HETERORHABDITIS SP. EN LA PROVINCIA DE LA CONVENCIÓN, CUSCO-PERÚ;"MAYTA DELZO, SUSAN OLIVIA; MARQUEZ ROMERO, FANNY ROSARIO; TISOC DUEÑAS, ISOLINA OCTAVIA; QUISPE FLORES, POLICARPO; SOTO GONZALES, JOSÉ LUIS";UNIVERSIDAD NACIONAL INTERCULTURAL DE QUILLABAMBA;AISLAMIENTO, CONTROL BIOLÓGICO, GALLERIA MELLONELLA, HETERORHABDITIS, NEMATODO ENTOMOPATÓGENO;Nematodos Entomopatógenos;ORAL
15/09/2026 13:00;WHAT DO WE KNOW SO FAR ABOUT THE NEMATICIDAL POTENTIAL OF PHOTORHABDUS AND XENORHABDUS?;"VICENTE-DÍEZ, IGNACIO; ZAMORANO, ALAN; FIORE, NICOLA; PERAZZOLLI, MICHELE; CASTANEDA-ALVAREZ, CARLOS";UNIVERSIDAD DE CHILE;BIOACTIVE COMPOUNDS, BIOCONTROL, ENTOMOPATHOGENIC NEMATODE SYMBIONTS, NEMATODE MANAGEMENT, NEW BIOPESTICIDES;Control Biológico de Nematodos;ORAL
15/09/2026 12:41;SYNERGY OR ANTAGONISM? A SYSTEMATIC REVIEW AND META-ANALYSIS OF ENTOMOPATHOGENIC NEMATODE COMBINATIONS WITH FUNGI OR BACTERIA;"VICENTE-DÍEZ, IGNACIO; LANKIN, GABRIELA; SAN-BLAS, ERNESTO; ZAMORANO, ALAN; PERAZZOLI, MICHELLE; CAMPOS-HERRERA, RAQUEL; CASTANEDA-ALVAREZ, CARLOS";UNIVERSIDAD DE CHILE;"BIOLOGICAL CONTROL; CO-APPLICATION; INSECT MORTALITY; APPLICATION TIMING";Nematodos Entomopatógenos;ORAL
15/09/2026 11:20;DENSIDAD POBLACIONAL DE NEMATODOS FITOPARÁSITOS Y CARACTERIZACIÓN DE POBLACIONES DE MELOIDOGYNE SPP. ASOCIADAS A CEBOLLA Y CEBOLLA CHINA EN AREQUIPA, PERÚ;"PERALTA, VICTOR; SENCIA, SHERLY; CASA, VICTOR; LIMA, ISRAEL; CUADROS, LUIS; MACEDO, DENIS";UNIVERSIDAD NACIONAL DE SAN AGUSTIN DE AREQUIPA;"NEMÁTODO DE LAS AGALLAS; ESTERASA (EST); PATRÓN PERINEAL; NEMATODOS PARÁSITOS";Taxonomía, Filogenia y Biodiversidad;ORAL
15/09/2026 09:36;ATIVIDADE NEMATICIDA DE HIDROLATOS DE FOLHAS DE COFFEA ARABICA SOBRE JUVENIS DE SEGUNDO ESTÁDIO DE MELOIDOGYNE JAVANICA IN VITRO;"SANTOS NEVES, WÂNIA¹; POLTRONIERI NEVES, YONARA¹; MARQUES DE SOUZA, ANDRÉ²; PORTELLA LOURENÇO FERREIRA, GABRIEL1; ZINATO RODRIGUES, ALESSANDRA APARECIDA1; SILVA TEIXEIRA, LUBIA 1; AVELAR MONTEIRO, THALITA SUELEN³; RODRIGUES COUTINHO, RAUL³";¹EMPRESA DE PESQUISA AGROPECUÁRIA DE MINAS GERAIS (EPAMIG), BELO HORIZONTE, MINAS GERAIS, BRASIL, ²UNIVERSIDADE FEDERAL DE VIÇOSA, VIÇOSA, MINAS GERAIS, BRASIL, ³MICROBIOTA BRASIL, VIÇOSA, MINAS GERAIS, BRASIL;BIOINSUMOS, MANEJO INTEGRADO, NEMATOIDE DAS GALHAS;Manejo Integrado de Nematodos;ORAL
15/09/2026 08:16;POTENCIAL NEMATICIDA DO HIDROLATO DE  COFFEA ARABICA SOBRE PANAGRELLUS REDIVIVUS;"POLTRONIERI NEVES, YONARA1; KANADANI CAMPOS, ARTUR2; MARTINS CORRÊA, KARINE VITÓRIA2; ZINATO RODRIGUES, ALESSANDRA APARECIDA1; KANADANI CAMPOS POLTRONIERI, VICTÓRIA;2 SANTOS NEVES, WÂNIA1; PORTELLA LOURENÇO FERREIRA, GABRIEL1";1EMPRESA DE PESQUISA AGROPECUÁRIA DE MINAS GERAIS – EPAMIG, VIÇOSA, MG, BRASIL.  2DEPARTAMENTO DE VETERINÁRIA, UNIVERSIDADE FEDERAL DE VIÇOSA- UFV, VIÇOSA, MG, BRASIL;FOLHAS DO CAFEEIRO, HIDRODESTILAÇÃO, NEMATOIDES DE VIDA LIVRE, ÓLEO ESSENCIAL, PRODUTOS NATURAIS.;Manejo Integrado de Nematodos;ORAL
15/09/2026 01:09;DISENTANGLING NACOBBUS ABERRANS SPECIES COMPLEX FROM THE NPPO-NL COLLECTION: A PLEA FOR FURTHER ELUCIDATING THE DIVERSITY OF AN IMPORTANT QUARANTINE PEST;DANIEL APOLÔNIO SILVA DE OLIVEIRA1, PAUL MOOIJMAN1, ANNE SOPHIE VAN BRUGGEN1, ROBIN DU PRÉ1, GERRIT KARSSEN1, EVELYN VAN HEESE1;1NETHERLANDS INSTITUTE FOR VECTORS, INVASIVE PLANTS AND PLANT HEALTH, NATIONAL PLANT PROTECTION ORGANIZATION, NETHERLANDS FOOD AND CONSUMER PRODUCT SAFETY AUTHORITY (NVWA), GEERTJESWEG 15, 6706 EA, WAGENINGEN, THE NETHERLANDS.;NACOBBUS ABERRANS, NACOBBUS BOLIVIANUS, NACOBBUS CELATUS, SEQUENCING, TAXONOMY;Taxonomía, Filogenia y Biodiversidad;ORAL
15/09/2026 01:05;MORPHOLOGICAL AND MOLECULAR CHARACTERIZATION OF GLOBODERA ROSTOCHIENSIS (WOLLENWEBER, 1923) FROM KENYA;AMOS THUKU1,2, PAUL MOOIJMAN1, ANNE SOPHIE VAN BRUGGEN1, ROBIN DU PRÉ1, EVELYN VAN HEESE1, DANIEL APOLÔNIO SILVA DE OLIVEIRA1,2;1NETHERLANDS INSTITUTE FOR VECTORS, INVASIVE PLANTS AND PLANT HEALTH, NATIONAL PLANT PROTECTION ORGANIZATION, NETHERLANDS FOOD AND CONSUMER PRODUCT SAFETY AUTHORITY (NVWA), GEERTJESWEG 15, 6706 EA, WAGENINGEN, THE NETHERLANDS. 2GHENT UNIVERSITY, FACULTY O;MTDNA, PCN, VARIABILITY, RRNA;Taxonomía, Filogenia y Biodiversidad;ORAL
14/09/2026 07:40;INVASIVE ALIEN NEMATODE SPECIES IN CANADA: AN UPDATE;YU;AGRICULTURE AND AGRI-FOOD CANADA;INVASIVE, REGULATED, CLIMATE CHANGE, NEMATODE;Taxonomía, Filogenia y Biodiversidad;ORAL
13/09/2026 05:26;POTENTIAL OF MICRORNA-ENCODED PEPTIDES IN PLANT GENE REGULATION AND NEMATODE MANAGEMENT;ISABELLA PENTIMONE, AURELIO CIANCIO, MARIANTONIETTA COLAGIERO, LAURA CRISTINA ROSSO;ISTITUTO PER LA PROTEZIONE DELLE PIANTE, CNR, 70126 BARI, ITALY;GENE EXPRESSION, GENE REGULATION, PARASITISM, PEST MANAGEMENT, ROOT- KNOT NEMATODES;Resistencia Genética de Plantas;ORAL
13/09/2026 05:24;DISSECTING THE RELATIONSHIPS BETWEEN SOIL MICROBIOTA AND PHYTONEMATODE REGULATION;CIANCIO AURELIO, LAURA CRISTINA ROSSO;ISTITUTO PER LA PROTEZIONE SOSTENIBILE DELLE PIANTE, CNR, BARI, ITALY;BIOCONTROL, FOOD WEBS, PEST MANAGEMENT, RHIZOSPHERE;Control Biológico de Nematodos;ORAL
13/09/2026 05:23;GRAPEVINE RHIZOSPHERE METABARCODING SHOWS SPECIFIC ASSOCIATIONS BETWEEN BACTERIA AND NEMATODE GUILDS;CIANCIO AURELIO, ISABELLA PENTIMONE, LAURA CRISTINA ROSSO, GIUSEPPE LOPRIORE, GIANVITO MASI, ELENA FANELLI, FRANCESCA DE LUCA, PASQUA VERONICO, MARIANTONIETTA COLAGIERO;ISTITUTO PER LA PROTEZIONE SOSTENIBILE DELLE PIANTE, CNR, BARI, ITALY;ASV, BACTERIA, MICROBIOTA, RIZOSPHERE, XIPHINEMA;Control Biológico de Nematodos;ORAL
11/09/2026 09:45;DIVERSIDAD E IDENTIDAD MOLECULAR DE NEMATODOS ENTOMOPATÓGENOS DE AGROECOSISTEMAS PALMEROS COLOMBIANOS;AHUMADA LUNA SIRLEY;UNIVERSIDAD NACIONAL DE COLOMBIA;CONTROL BIOLÓGICO,  FILOGENIA MULTILOCUS, SECUENCIACIÓN;Nematodos Entomopatógenos;POSTER
9/09/2026 13:30;DIVERSITY OF SOME BACTERIA ASSOCIATED WITH PLANT-PARASITIC NEMATODES;SERGEI A. SUBBOTIN;CDFA;CARDINIUM, ENDOSYMBIONTS, GENOME, RATHAYIBACTER, XIPHINEMATOBACTER;Taxonomía, Filogenia y Biodiversidad;ORAL
9/09/2026 10:59;CARACTERIZACIÓN MORFOLÓGICA Y DENSIDAD POBLACIONAL DE NEMATODOS ASOCIADOS AL CULTIVO DE AJO (ALLIUM SATIVUM L.) EN LA ZONA CIRCUNLACUSTRE SUR DE PUNO;RAMIREZ FLOREZ GRACIELA;UNIVERSIDAD NACIONAL DEL ALTIPLANO;FITOPARÁSITOS, MORFOMETRÍA, RAÍCES.;Extensión en Nematología Agrícola;ORAL
8/09/2026 13:52;ARABIDOPSIS THALIANA AS A PLATAFORM FOR STUDIES OF PLANT-APHELENCHOIDES SP. INTERACTION;"PINHEIRO, JOÃO PEDRO; TEJO, DÉBORA PERDIGÃO; MACHADO, ANDRESSA CRISTINA ZAMBONI; TOMAZ, JUAREZ PIRES";"UNIVERSIDADE ESTADUAL DE LONDRINA; INSTITUTO DE DESENVOLVIMENTO RURAL DO PARANÁ; AGRONEMA - - ANÁLISE, CONSULTORIA E EXPERIMENTAÇÃO NEMATOLÓGICAS";NATURAL ACCESSIONS, GREEN STEM AND FOLIAR RETENTION SYNDROME, PHENOTYPING;Interacción Nematodo-Planta;ORAL
8/09/2026 11:57;SINGLE-WORM RNA-SEQUENCING REVEALS STAGE-SPECIFIC MOLECULAR PROGRAMS DRIVING HETERORHABDITIS–PHOTORHABDUS SYMBIOSIS;LALSON WESLY JOHNSON, CHAITRA BHAT, KABILAN, ADLER DILLMAN, AND VISHAL SOMVANSHI;ICAR - INDIAN AGRICULTURAL RESEARCH INSTITUTE, NEW DELHI;ANIMAL-MICROBE SYMBIOSIS, ENTOMOPATHOGENIC NEMATODES, HETERORHABDITIS BACTERIOPHORA, IRON TRANSPORT, PHOTORHABDUS.;Nematodos Entomopatógenos;ORAL
8/09/2026 08:14;PROTOCOL FOR OBTAINING VIRGIN FEMALES AND GELATINOUS MATRIX OF HETERODERA GLYCINES IN A HYDROPONIC SYSTEM;"SONDA, EDUARDA THAIS1; MENINO, GILLYADE CORREIA2; RALSTON, TIMOTHY ZAK2; DIAS-ARIEIRA, CLÁUDIA REGINA1; LOPEZ-NICORA, HORACIO DANIEL2";1STATE UNIVERSITY OF MARINGÁ, BRAZIL 2 THE OHIO STATE UNIVERSITY, UNITED STATES OF AMERICA;GENE EXPRESSION, SOYBEAN CYST NEMATODE, TRANSCRIPTOMICS;Avances Moleculares;POSTER
1/09/2026 09:30;ESCALA DE VIRULENCIA INTEGRATIVA (EVI) PARA LA JERARQUIZACIÓN MULTICRITERIO DE NEMATODOS ENTOMOPATÓGENOS (HETERORHABDITIS SP. Y STEINERNEMA SP.) EN AGROECOSISTEMAS DE PALMA DE ACEITE;AHUMADA LUNA SIRLEY;UNIVERSIDAD NACIONAL DE COLOMBIA;"NEMATODOS ENTOMOPATÓGENOS;  ANÁLISIS DE SUPERVIVENCIA; CONTROL BIOLÓGICO; DECISIÓN MULTICRITERIO; SELECCIÓN DE AISLAMIENTOS.";Nematodos Entomopatógenos;ORAL
30/08/2026 00:27;NEMATODE FAUNA IN THE SOIL OF KOREAN FIR (ABIES KOREANA) ON MT. HALLA, IN KOREA;DONG WOON LEE1, 2*, ABRAHAM OKKI MWAMULA1, MYEONGHWAN KIM2, YI SEUL KIM1, SUK-HYUNG KO3, YEONG-DON LEE3, SEUNG-HOON LEE3;1RESEARCH INSTITUTE OF INVERTEBRATE VECTOR, KYUNGPOOK NATIONAL UNIVERSITY, SANGJU, REPUBLIC OF KOREA, 2DEPARTMENT OF ECOLOGICAL SCIENCE, KYUNGPOOK NATIONAL UNIVERSITY, SANGJU, REPUBLIC OF KOREA. 3HALLASAN RESEARCH DEPARTMENT, WORLD HERITAGE OFFICE, JEJU S;ABIES KOREANA, HELICOTYLENCHUS COREANUS, LONGIDORUS SP., XIPHINEMA DIFFUSUM, XIPHINEMA HUNANIENSE;Taxonomía, Filogenia y Biodiversidad;ORAL
30/08/2026 00:23;DURATION OF THE INHIBITORY EFFECT OF TRUNK-INJECTED NEMATICIDES ON PINE WOOD NEMATODE, BURSAPHELENCHUS XYLOPHILUS;SANG-MYEONG LEE1, YOUNG-HAK JEONG1, KI BO SIM2, MWAMULA ABRAHAM OKKI3, AND DONGWOON LEE3,4*;1 SM BIOVISION CO., JINJU, KOREA 2 DIVISION OF FOREST RESEARCH, GYEONGSANGNAMDO FOREST ENVIRONMENTAL RESEARCH INSTITUTE, JINJU, KOREA 3RESEARCH INSTITUTE OF INVERTEBRATE VECTOR, AND  4DEPARTMENT OF ENTOMOLOGY, KYUNGPOOK NATIONAL UNIVERSITY, SANGJU, REPUBL;ABAMECTIN, EMAMECTIN BENZOATE, PERSISTENCE, PINE WOOD NEMATODE, TRUNK INJECTION;Manejo Químico de Nematodos;ORAL
28/08/2026 15:57;REACTION OF WEEDS TO HELICOTYLENCHUS DIHYSTERA;"FONTANELA, MAIRA L.C.; DIAS-ARIEIRA, CLAUDIA R.";STATE UNIVERSITY OF MARINGÁ;INVASIVE PLANTS, REPRODUCTION FACTOR, SPIRAL NEMATODE;Interacción Nematodo-Planta;ORAL
27/08/2026 11:19;NEMATODE COMMUNITY STRUCTURE IN AGROECOLOGICAL AND CONVENTIONAL CORN AND BEAN CROPPING SYSTEMS;"MÉNDEZ RIVERA, BRENDA; SANDOVAL-RUIZ, REBECA";LABORATORY OF NEMATOLOGY, CROP PROTECTION RESEARCH CENTER (CIPROC), AGRONOMY SCHOOL, UNIVERSITY OF COSTA RICA;NEMATODE COMMUNITY, MANAGEMENT, AGROECOSYSTEM;Nematodos Bioindicadores;POSTER
26/08/2026 20:13;NEMATODE FAUNA IN THE SOIL OF KOREAN FIR (ABIES KOREANA) ON MT. HALLA, IN KOREA;DONG WOON LEE1, 2*, ABRAHAM OKKI MWAMULA1, MYEONGHWAN KIM2, YI SEUL KIM1, SUK-HYUNG KO3, YEONG-DON LEE3, SEUNG-HOON LEE3;1RESEARCH INSTITUTE OF INVERTEBRATE VECTOR, KYUNGPOOK NATIONAL UNIVERSITY, SANGJU, REPUBLIC OF KOREA, 2DEPARTMENT OF ECOLOGICAL SCIENCE, KYUNGPOOK NATIONAL UNIVERSITY, SANGJU, REPUBLIC OF KOREA. 3HALLASAN RESEARCH DEPARTMENT, WORLD HERITAGE OFFICE, JEJU S;ABIES KOREANA, HELICOTYLENCHUS COREANUS, LONGIDORUS SP., XIPHINEMA DIFFUSUM, XIPHINEMA HUNANIENSE;Interacción Nematodo-Planta;ORAL
26/08/2026 20:11;DESCRIPTION OF A NEW CRYPTIC POPULATION OF LONGIDORUS (NEMATODA: LONGIDORIDAE), ASSOCIATED WITH ABIES KOREANA FROM SOUTH KOREA;ABRAHAM OKKI MWAMULA1, CHANG-HWAN BAE2, MYEONGHWAN KIM3, YI SEUL KIM1, SUK-HYUNG KO4, YEONG-DON LEE4, SEUNG-HOON LEE4, AND DONG WOON LEE1,3*;1RESEARCH INSTITUTE OF INVERTEBRATE VECTOR, KYUNGPOOK NATIONAL UNIVERSITY, SANGJU 37224, REPUBLIC OF KOREA. 2BIODIVERSITY RESEARCH DEPARTMENT, SPECIES DIVERSITY RESEARCH DIVISION, NATIONAL INSTITUTE OF BIOLOGICAL RESOURCES, INCHEON, 22689, REPUBLIC OF KOR;LONGIDORIDAE, PHYLOGENY, TAXONOMY;Taxonomía, Filogenia y Biodiversidad;ORAL
21/08/2026 14:40;AN OVERVIEW OF NEMATODE CERTIFICATION PROGRAMS IMPLEMENTED IN FLORIDA, USA;"BRITO, JANETE; INSERRA, RENATO";FLORIDA DEPARTMENT OF AGRICULTURE AND CONSUMER SERVICES, DIVISION OF PLANT INDUSTRY;MELOIDOGYNE SPP., RADOPHOLUS SIMILIS, REGULATORY NEMATOLOGY, SANITATION PRACTICES;Taxonomía, Filogenia y Biodiversidad;ORAL
21/08/2026 12:33;NOTES ON TWO APHELENCHOIDES POPULATIONS ASSOCIATED WITH IPECAC IN COSTA RICA;LESTER A. NÚÑEZ-RODRÍGUEZ*, REBECA SANDOVAL-RUIZ, AND DANNY A. HUMPHREYS-PEREIRA;CENTRO DE INVESTIGACIÓN EN PROTECCIÓN DE CULTIVOS, UNIVERSIDAD DE COSTA RICA, SAN JOSÉ, COSTA RICA 2060.;IDENTIFICATION, MEASUREMENTS, MOLECULAR;Taxonomía, Filogenia y Biodiversidad;ORAL
20/08/2026 08:45;THE HIDDEN COST OF INFECTION: WHAT HAPPENS TO POTATOES IN THE FIRST 30 DAYS?;ROMERO MOYA LIZZETE DAYANA, PENG HUAN, HUANG WENKUN, PENG DELIANG;INSTITUTE OF PLANT PROTECTION, CHINESE ACADEMY OF AGRICULTURAL SCIENCES;BIOMASS, CHLOROPHYLL CONTENT, POTATO CYST NEMATODE.;Interacción Nematodo-Planta;ORAL
10/08/2026 14:21;CONTRIBUTION TO KNOWLAGE OF SOME GENERA OF NEMATODES (ADENOPHOREA: SECERNENTEA: NEMATODA) UNDER SCANING ELECTRON MICROSCOPY (SEM).;CID DEL PRADO, V.I;COLEGIO DE POSTGRADUADOS;SEM;Taxonomía, Filogenia y Biodiversidad;ORAL
10/08/2026 14:19;TAXONOMÍA CLÁSICA A LAS TECNOLOGÍAS DE NUEVA GENERACIÓN.;CID DEL PRADO, V.I;COLEGIO DE POSTGRADUADOS;TAXONOMIA;Taxonomía, Filogenia y Biodiversidad;ORAL
10/08/2026 14:16;NECESIDAD DE LA ENSEÑANZA DE LA NEMATOLOGIA AGRÍCOLA EN AMÉRICA LATINA.;CID DEL PRADO, V.I Y H. FERRIS;COLEGIO DE POSTGRADUADOS;TAXONOMIA;Taxonomía, Filogenia y Biodiversidad;ORAL
5/08/2026 09:41;BIOFERTILIZANTES CON TRICHODERMA SP. PARA PRODUCIR CALABAZA, REDUCIR FERTILIZACIÓN Y CONTROLAR NEMATODOS EN VILLACURÍ, ICA;"BENDEZÚ, LUIS; ALMEYDA, VICENTE; BALBIN, ORLANDO OR; TEJADA H. JL.";UNIVERSIDAD NACIONAL SAN LUIS GONZAGA;CALABAZA, BIOFERTILIZANTES, TRICHODERMA SP., NEMATODOS FITOPARÁSITOS, RENDIMIENTO.;Control Biológico de Nematodos;ORAL
22/07/2026 11:43;FUNGO MICORRÍZICO ORQUIDOIDE WAITEA CIRCINATA NO CONTROLE DO NEMATOIDE PRATYLENCHUS BRACHYURUS NA CULTURA DA SOJA;"PARREIRA, LETICIA; SILVA,THAIS; ROCHA, MARIA; ROCHA, MARA";UNIVERSIDADE FEDERAL DE GOIÁS;CONTROLE BIOLÓGICO, NEMATOIDE DAS LESÕES RADICULARES, PARASITISMO DE OVOS, SUSPENSÃO MICELIAL.;Control Biológico de Nematodos;POSTER
21/07/2026 22:26;COMPARING TRANSFORMER AND YOLO ARCHITECTURES FOR AUTOMATED DETECTION OF NEMATODE CYSTS UNDER MICROSCOPY;"MACIEL, DOUGLAS; GEORGES, MARC; DOSEKUN, PAUL; ARAÚJO, KELLY; ROCHA, MARA; YOOSEFZADEH-NAJAFABADI, MOHSEN";UNIVERSIDADE FEDERAL DE GOIÁS;HETERODERA GLYCINES, DINOV2, RF-DETR, RT-DETR, YOLO26M;Tecnologías Emergentes e IA;ORAL
21/07/2026 08:05;HISTOLOGICAL ALTERATIONS INDUCED BY MELOIDOGYNE ENTEROLOBII IN TOMATO INOCULATED WITH THE ORCHID MYCORRHIZAL FUNGUS WAITEA CIRCINATA;"ROCHA, MARA RUBIA; FARIA, DENNER ROBERT; FERREIRA, ANNA LUIZA TAVARES; BERNARDES NETO, JOSE FELICIANO; CARNEIRO, RENE GONÇALVES DA SILVA";UNIVERSIDADE FEDERAL DE GOIAS;"BIOCONTROL; GIANT CELLS; ROOT-KNOT NEMATODE";Control Biológico de Nematodos;ORAL
18/06/2026 19:45;PRIMER ESTUDIO MORFOMÉTRICO Y MOLECULAR DEL GÉNERO HEMICRICONEMOIDES (NEMATODA: CRICONEMATIDAE) EN COSTA RICA;W. PERAZA-PADILLA, M. VALDÉS-MURILLO, R. ARTAVIA-CARMONA, J. ARÁUZ-BADILLA, I. HILJE-RODRÍGUEZ;UNIVERSIDAD NACIONAL DE COSTA RICA;FILOGENIA, MORFOLOGÍA, NEMATODO FITOPARÁSITO, NUEVO REGISTRO, SECUENCIACIÓN DE ADN, TAXONOMÍA INTEGRADORA.;Taxonomía, Filogenia y Biodiversidad;ORAL
14/05/2026 10:28;HISTOMETRIC INDICES FOR QUANTITATIVE ASSESSMENT OF STRUCTURAL RESISTANCE OF CAPSICUM SPP. GENOTYPES TO MELOIDOGYNE ENTEROLOBII;"BERNARDES NETO, JOSÉ FELICIANO1,2; SILVA, ELIENAI CÂNDIDA E1; SILVA, FILIPE GOMES DA1; MACIEL, DOUGLAS DE OLIVEIRA1; CARNEIRO, RENÊ GONÇALVES DA SILVA1; ROCHA MARA RÚBIA DA1.";1UNIVERSIDADE FEDERAL DE GOIÁS, GOIÂNIA, GO, BRASIL 2CENTRO DE EXCELÊNCIA EM BIOINSUMOS (CEBIO), INSTITUTO FEDERAL GOIANO, GOIÂNIA, GO, BRASIL JOSENETO_AGRONOMIA@HOTMAIL.COM.BR;FEEDING SITE, GIANT CELLS, HISTOMETRY, HISTOPATHOLOGY, RESISTANCE PHENOTYPING.;Interacción Nematodo-Planta;POSTER
