Nombre;Email;Institución;Escuela;Departamento;Categoría;Fecha Registro;NACIONALIDAD
ABRAHAM OKKI MWAMULA;ABRAHAMMWAMULA@GMAIL.COM;KYUNGPOOK NATIONAL UNIVERSITY;DOCTOR;SANGJU;NO_MIEMBRO;26/08/2026 20:07;EXTRANJERO
ALEX PEREZ;NENIDIK694@BITMAH.COM;AGRARIA;COMUNICACIONES;LIMA;NO_MIEMBRO_NAC;15/05/2026 16:54;NACIONAL
ALVARO ANDRÉ MACHUCA LAYME;20220505@LAMOLINA.EDU.PE;UNIVERSIDAD NACIONAL AGRARIA LA MOLINA;AGRONOMÍA;LIMA;NACIONAL;30/04/2026 10:10;NACIONAL
AURELIO CIANCIO;AURELIO.CIANCIO@CNR.IT;IPSP CNR;IPSP CNR;BARI, ITALIA;MIEMBRO_ONTA;9/09/2026 11:31;EXTRANJERO
BRENDA MÉNDEZ RIVERA;BRENDA.MENDEZ@UCR.AC.CR;UNIVERSIDAD DE COSTA RICA;AGRONOMÍA;CARTAGO;EXTRANJERO;13/08/2026 15:37;EXTRANJERO
CARLOS CASTAÑEDA-ALVAREZ;CARLOS.CASTANEDA@UCHILE.CL;UNIVERSIDAD DE CHILE;AGRONOMIA;SANTIAGO/CHILE;MIEMBRO_ONTA;2/09/2026 08:57;EXTRANJERO
CAROLINA  GIOVANNA ZAVALETA HUERTA;CAROZA3101@GMAIL.COM;UNIVERSIDAD NACIONAL DE TRUJILLO;AGRONOMIA;TRUJILLO;NO_MIEMBRO_NAC;30/08/2026 22:53;NACIONAL
CAROLINA ESTHER CEDANO SAAVEDRA;CAROLINACEDANOSAAVEDRA@GMAIL.COM;UNIVERSIDAD NACIONAL DE TRUJILLO;INGENIERIA AGRONOMICA;TRUJILLO /LA LIBERTAD;MIEMBRO_ONTA_NAC;30/08/2026 21:50;NACIONAL
CLAUDIA DIAS ARIEIRA;CRDIASARIEIRA@HOTMAIL.COM;UNIVERSIDADE ESTADUAL DE MARINGÁ;PROFESSOR;MARINGA;MIEMBRO_ONTA;28/08/2026 15:48;EXTRANJERO
DANIEL APOLÔNIO SILVA DE OLIVEIRA;D.APOLONIO@NVWA.NL;NETHERLANDS INSTITUTE FOR VECTORS, INVASIVE PLANTS AND PLANT HEALTH, NATIONAL PLANT PROTECTION ORGANIZATION, NETHERLANDS;RESEARCHER/PROFESSOR;PLANT PROTECTION / WAGENINGEN;NO_MIEMBRO;10/09/2026 07:43;EXTRANJERO
DEBORAH NEHER;DEBORAH.NEHER@UVM.EDU;UNIV OF VERMONT;DEPT. AGRICULTURE, LANDSCAPE AND ENVIRONMENT;BURLINGTON;;18/09/2026 09:36;EXTRANJERO
DOUGLAS DE OLIVEIRA MACIEL;DOUGLASMACIEL@DISCENTE.UFG.BR;UNIVERSIDADE FEDERAL DE GOIÁS;PHD CANDIDATE;GOIÂNIA;EXTRANJERO;21/07/2026 15:01;EXTRANJERO
DR. CARLOS INOCENCIO CORTÉS MARTÍNEZ;CARLOS.CM@ITVALLETLA.EDU.MX;TECNOLÓGICO NACIONAL DE MÉXICO/INSTITUTO TECNOLÓGICO DEL VALLE DE ETLA;DOCTORADO EN CIENCIAS;OAXACA;MIEMBRO_ONTA;31/08/2026 00:51;EXTRANJERO
DR. CLAUDIA REGINA DIAS-ARIEIRA;CRDARIEIRA@UEM.BR;UNIVERSIDADE ESTADUAL DE MARINGÁ;PROFESSOR;MARINGA;NO_MIEMBRO;24/08/2026 18:06;EXTRANJERO
DR. DONGWOON LEE;WHITEGRUB@KNU.AC.KR;KYUNGPOOK NATIONAL UNIVERSITY;PROFESSOR;SANGJU/ENTOMOLOGY;NO_MIEMBRO;25/07/2026 02:41;EXTRANJERO
DR. JUAN LEONARDO TEJADA HINOJOZA;JUAN.TEJADA@UNICA.EDU.PE;UNIVERSIDAD NACIONAL SAN LUIS GONZAGA;AGRONOMIA;LA ANGOSTURA - ICA;NO_MIEMBRO_NAC;5/08/2026 09:26;NACIONAL
DR. JULIA MEREDITH;JMEREDITH@COX.NET;USDA;ARS;GAINESVILLE/FL;MIEMBRO_ONTA;28/08/2026 14:22;EXTRANJERO
DR. MARIELLA M. FINETTI SIALER;MARIELLA.FINETTI@CNR.IT;CONSIGLIO NAZIONALE DELLE RICERCHE;CNR;ITALY;MIEMBRO_ONTA;20/08/2026 06:37;EXTRANJERO
DR. RENATO INSERRA;RNINSERRA@GMAIL.COM;FLORIDA DEPT AGRICULTURE;NEMATOLOGY;GAINESVILLE FL;MIEMBRO_ONTA;30/08/2026 14:06;EXTRANJERO
DRA YONARA POLTRONIERI;YPOLTRONIERI@EPAMIG.BR;EMPRESA DE PESQUISA AGROPECUÁRIA DE MINAS GERAIS;PESQUISADORA;VIÇOSA, MINAS GERAIS;NO_MIEMBRO;14/09/2026 06:00;EXTRANJERO
EDUARDA THAIS SONDA;EDUARDA-THAIS@HOTMAIL.COM;UNIVERSIDADE ESTADUAL DE MARINGÁ;PHD STUDENT;MARINGÁ / PARANÁ;EXTRANJERO;8/09/2026 08:10;EXTRANJERO
EYDER DANIEL GOMEZ LOPEZ;EYDGOMEZLO@UNAL.EDU.CO;UNIVERSIDAD NACIONAL DE COLOMBIA;FACULTAD DE CIENCIAS AGROPECUARIAS;PALMIRA;NO_MIEMBRO;29/09/2026 21:09;EXTRANJERO
FANNY ROSARIO MARQUEZ ROMERO;FANNY.MARQUEZ@UNIQ.EDU.PE;UNIVERSIDAD NACIONAL INTERCULTURAL DE QUILLABAMBA;ING. AGRONOMICA TROPICAL;QUILLABAMBA CUSCO;NO_MIEMBRO_NAC;16/09/2026 10:12;NACIONAL
FINETTIMARIELLA@HOTMAIL.COM;FINETTIMARIELLA@HOTMAIL.COM;CONSIGLIO NAZIONALE DELLE RICERCHE;IBBR;BARI-ITALIA;MIEMBRO_ONTA;14/09/2026 03:51;EXTRANJERO
GABRIEL  SPINDOLA MACHADO;GABRIEL@BLUETECNOLOGIAS.COM.BR;BLUE AGROSCIENCE;DESENVOLVIMENTO DE MERCADO;FORMOSA-GO;NO_MIEMBRO;31/08/2026 11:10;EXTRANJERO
GIANNFRANCO EGOÁVIL JUMP;GIANNFRANCO.EGOAVIL@UNAS.EDU.PE;UNIVERSIDAD NACIONAL AGRARIA DE LA SELVA;AGRONOMÍA;HUÁNUCO/TINGO MARÍA;NACIONAL;19/04/2026 11:44;NACIONAL
GRACIELA RAMIREZ FLOREZ;RAMIREZFLOREZGRACIELA45@GMAIL.COM;UNIVERSIDAD NACIONAL DEL ALTIPLANO;INGENIERIA AGRONOMICA;PUNO;NACIONAL;9/09/2026 10:49;NACIONAL
HELEN GUARDIA;HGUARDIA3@GMAIL.COM;HGC AGROVAL PERU;INGENIERO AGRÓNOMO;LA LIBERTAD/TRUJILLO;MIEMBRO_ONTA;8/04/2026 19:31;NACIONAL
IGNACIO CID DEL PRADO VERA;ICID@COLPOS.MX;COLEGIO DE POSTGRADUADOSF;FITOPATOLOGO;ESTADO DE MEXICO;MIEMBRO_ONTA;10/08/2026 14:03;EXTRANJERO
ING. ALEX MANUEL CABANILLAS ÑONTOL;ALEMANUCAB11@GMAIL.COM;UNIVERSIDAD NACIONAL AGRARIA LA MOLINA;AGRONOMÍA;LIMA;NO_MIEMBRO_NAC;15/06/2026 13:12;NACIONAL
ISA BUKAR KUMSHE;ISA.BKUMSHE@KIU.EDU.NG;KASHIM IBRAHIM UNIVERSITY, MAIDUGURI, NIGERIA;UNIVERSITY OF MAIDUGURI;AGRONOMY AND SOIL SCIENCE/MAIDUGURI;NO_MIEMBRO;24/06/2026 16:22;EXTRANJERO
JACOBO OLAVE PEREZ;JACOBO.OLAVE@UCHILE.CL;UNIVERSIDAD DE CHILE;AGRONOMÍA;SANTIAGO/CHILE;MIEMBRO_ONTA;15/09/2026 12:36;EXTRANJERO
JACQUELINE BEACHAM;ONTA.BUSINESSOFFICE@GMAIL.COM;ONTA ADMIN;NEW MEXICO STATE UNIVERSITY;LAS CRUCES;MIEMBRO_ONTA;9/04/2026 11:58;EXTRANJERO
JANET EDITH GONZALES VALDIVIA;GONZALESJANET512@GMAIL.COM;UNIVERSIDAD NACIONAL DE TRUJILLO;INGENIERIA AGRONOMICA;LA LIBERTAD/TRUJILLO;NO_MIEMBRO_NAC;10/08/2026 20:36;NACIONAL
JANETE ANDRADE  BRITO, PH.D;JANETE.BRITO@FDACS.GOV;FDACS-DPI, FLORIDA;NEMATOLOGIST;GAINESVILLE;MIEMBRO_ONTA;21/08/2026 14:21;EXTRANJERO
JEFFERSON MICHAEL ROSAS MARTINEZ;JEFERSONROSAS340@GMAIL.COM;SIMBIO;INGENIERO AGRÓNOMO;SUNAMPE;NO_MIEMBRO_NAC;31/07/2026 18:43;EXTRANJERO
JOÃO PEDRO PINHEIRO;JOAO.PEDRO2709@UEL.BR;UNIVERSIDADE ESTADUAL DE LONDRINA;AGRONOMIA;PARANÁ/LONDRINA;EXTRANJERO;8/09/2026 13:36;EXTRANJERO
JORGE ALBERTO LLONTOP LLAQUE;JLLONTOP@UNPRG.EDU.PE;UNIVERSIDAD NACIONAL PEDRO RUIZ GALLO;AGRONOMÍA;CHICLAYO/LAMBAYEQUE;NO_MIEMBRO_NAC;15/09/2026 16:05;NACIONAL
JORGE LUIS CORDOVA BARRAZUETA;JORGELUISCORDOVABARRAZUETA2003@GMAIL.COM;UNIVERSIDAD NACIONAL DE TRUJILLO;AGRONOMIA;LA LIBERTAD/TRUJILLO;NACIONAL;31/08/2026 13:18;NACIONAL
JOSÉ FELICIANO BERNARDES NETO;JOSENETO_AGRONOMIA@HOTMAIL.COM.BR;INSTITUTO FEDERAL GOIANO/UNIVERSIDADE FEDERAL DE GOIÁS;PESQUISADOR/PROFESSOR;GOIÂNIA;NO_MIEMBRO;12/05/2026 19:24;EXTRANJERO
JUAN ERALDO JIMÉNEZ VENTURA;P800106724@UNITRU.EDU.PE;UNIVERSIDAD NACIONAL DE TRUJILLO;BIOLOGIA;LAMBAYEQUE CHICLAYO;NACIONAL;3/07/2026 13:43;NACIONAL
LALSON WESLY JOHNSON;VISHAL.SOMVANSHI@GMAIL.COM;ICAR - INDIAN AGRICULTURAL RESEARCH INSTITUTE, NEW DELHI;PHD CANDIDATE;NEW DELHI;EXTRANJERO;8/09/2026 11:39;EXTRANJERO
LARRY DUNCAN;LWDUNCAN@UFL.EDU;UNIVERSITY OF FLORIDA;ENTOMOLOGY AND NEMATOLOGY;LAKE ALFRED;MIEMBRO_ONTA;13/09/2026 16:11;EXTRANJERO
LESTER NÚÑEZ;LESNR92@GMAIL.COM;UNIVERSIDAD DE COSTA RICA;AGRONOMIA;SAN JOSE;MIEMBRO_ONTA;31/07/2026 09:53;EXTRANJERO
LETICIA DANIELLA MARTINS PARREIRA;PARREIRA2@DISCENTE.UFG.BR;UNIVERSIDADE FEDERAL DE GOIÁS;ENGENHEIRA AGRÔNOMA;GOIÂNIA;EXTRANJERO;22/07/2026 07:20;EXTRANJERO
LILYA GRISEL MAMANI GUTIERREZ;GUTIERREZLY80@GMAIL.COM;UNIVERSIDAD NACIONAL DEL ALTIPLANO;INGENIERÍA AGRONOMICA;PUNO;NO_MIEMBRO_NAC;2/04/2026 23:53;NACIONAL
LIZZETE DAYANA ROMERO MOYA;LDROMEROM@UNAL.EDU.CO;CHINESE ACADEMY OF AGRICULTURAL SCIENCES;PPD STUDENT;TJELE;EXTRANJERO;3/06/2026 06:59;EXTRANJERO
LUIS ALEJANDRO SAIRE;NEMALASQ344@GMAIL.COM;UNALM;AGRONOMIA;LIMA;NACIONAL;20/03/2026 18:46;NACIONAL
MARA RUBIA DA ROCHA;MROCHA@UFG.BR;UNIVERSIDADE FEDERAL DE GOIAS;PROFESSOR TITULAR;GOIAS-GOIANIA;MIEMBRO_ONTA;18/07/2026 20:27;EXTRANJERO
MARIA JULIANA CASTAÑO ESCOBAR;CJULI06010@GMAIL.COM;POLITECNICO COLOMBIANO JAIME ISAZA CADAVID;INGENIERÍA AGROPECUARIA;BELLO - ANTIOQUIA;EXTRANJERO;25/06/2026 21:33;EXTRANJERO
MARTIN AUGUSTO DELGADO JUNCHAYA;MARTINDELGADOJU@GMAIL.COM;UNIVERSIDAD PRIVADA ANTENOR ORREGO;AGRONOMIA;TRUJILLO /LA LIBERTAD;MIEMBRO_ONTA_NAC;30/08/2026 22:18;NACIONAL
MARTIN FELIPE GAMARRA ALVARADO;20220486@LAMOLINA.EDU.PE;UNIVERSIDAD NACIONAL AGRARIA LA MOLINA;AGRONOMIA;LIMA;NACIONAL;1/05/2026 19:20;NACIONAL
MAYCOL HEYNER RODRIGUEZ ROMERO;MAYCOLRODRIGUEZ0208@GMAIL.COM;UNIVERSIDAD PRIVADA ANTENOR ORREGO;AGRONOMIA;TRUJILLO, CHAO;MIEMBRO_ONTA;21/09/2026 20:00;NACIONAL
MAYRA ALEJANDRA CONTRERAS VASQUEZ;CONTRERASVASQUEZMAYRA@GMAIL.COM;UNIVERSIDAD NACIONAL DE CAÑETE;AGRONOMIA;ICA/CHINCHA;NO_MIEMBRO_NAC;30/08/2026 18:19;NACIONAL
MIRIAN IRENE CAPA MOROCHO;MIRIAN.CAPA@UNL.EDU.EC;UNIVERSIDAD NACIONAL DE LOJA;LA CARRERA DE INGENIERÍA AGRONÓMICA;LOJA-ECUADOR;NO_MIEMBRO;3/08/2026 09:30;EXTRANJERO
NILTON FLAVIO ZURITA MAMANI;NILTONZURITA2@GMAIL.COM;UNIVERSIDAD NACIONAL SAN LUIS GONZAGA DE ICA;AGRONOMIA;ICA;NO_MIEMBRO_NAC;31/08/2026 21:06;NACIONAL
NOEMI VARAS HUAROTO;NOEMI.BIASTER@GMAIL.COM;LABORATORIO AGRICOLA BIASTER SAC;BIOLOGA;ICA;NO_MIEMBRO_NAC;26/05/2026 22:23;NACIONAL
PAMELA GOMES GONÇALVES;GOMESPAMELA915@GMAIL.COM;INSTITUTO BIOLÓGICO- SP;ESTUDANTE;PIRACICABA;EXTRANJERO;10/04/2026 14:00;EXTRANJERO
POMPEYO FERRO MAYHUA;FFERRO@UNIBAGUA.EDU.PE;UNIVERSIDAD NACIONAL INTERCULTURAL FABIOLA SALAZAR LEGUIA DE BAGUA;BIOTECNOLOGIA;AMAZONAS;NACIONAL;18/04/2026 12:09;NACIONAL
QING YU;QING.YU@AGR.GC.CA;AGRICULTURE AND AGRI-FOOD CANADA;RESEARCH SCIENTIST;OTTAWA RDC/OTTAWA;NO_MIEMBRO;19/08/2026 07:42;EXTRANJERO
ROSARIO YSABEL BRAVO PORTOCARRERO;ROSARIOBRAVO@ONTA.EDU.PE;UNIVERSIDAD NACIONAL DEL ALTIPLANO;INGENIERÍA AGRONOMICA;PUNO;MIEMBRO_ONTA;11/05/2026 01:15;NACIONAL
SERGEI A SUBBOTIN;SERGEI.A.SUBBOTIN@GMAIL.COM;CALIFORNIA DEPARTMENT OF FOOD AND AGRICULTURE;CDFA;SACRAMENTO;MIEMBRO_ONTA;9/09/2026 13:23;EXTRANJERO
SIRLEY CAROLINA AHUMADA LUNA;SAHUMADA@UNAL.EDU.CO;UNIVERSIDAD NACIONAL DE COLOMBIA SEDE PALMIRA;INGENIERA AGRONOMA;VALLE DEL CAUCA;EXTRANJERO;1/09/2026 09:11;EXTRANJERO
SULLÓN ANCAJIMA, SANDY SARAI;SULLONSANDY3@GMAIL.COM;UNIVERSIDAD PRIVADA ANTENOR ORREGO;AGRONOMIA;TRUJILLO, TRUJILLO;MIEMBRO_ONTA;21/09/2026 21:53;NACIONAL
SUSAN OLIVIA MAYTA DELZO;SUSAN.MAYTA@UNIQ.EDU.PE;UNIVERSIDAD NACIONAL INTERCULTURAL DE QUILLABAMBA;INGENIERÍA AGRONÓMICA TROPICAL;CUSCO/QUILLABAMBA;NO_MIEMBRO_NAC;20/08/2026 20:30;NACIONAL
TANIA GONZALEZ MIR RODRIGUEZ;TANIAGONMIRR@GMAIL.COM;UNIVERSIDAD NACIONAL DE ASUNCIÓN;INGENIERÍA AGRONÓMICA;CENTRAL/FERNANDO DE LA MORA;EXTRANJERO;20/08/2026 23:09;EXTRANJERO
VANESSA DA SILVA MATTOS CAMAYOR;VANESSA.MATTOS@EMBRAPA.BR;EMBRAPA RECURSOS GENÉTICOS E BIOTECNOLOGIA;AGRONOMIA;BRASÍLIA/BRASIL;NO_MIEMBRO;23/09/2026 14:38;EXTRANJERO
VICTOR ALEXI PERALTA CCAYAHUALLPA;PERALTAALEXI969@GMAIL.COM;UNIVERSIDAD NACIONAL DE SAN AGUSTIN DE AREQUIPA;AGRONOMIA;AREQUIPA/CAMANA;MIEMBRO_ONTA;12/09/2026 07:03;NACIONAL
WALTER PERAZA-PADILLA;WALTER.PERAZA.PADILLA@UNA.CR;UNIVERSIDAD NACIONAL DE COSTA RICA;CIENCIAS AGRARIAS;SAN RAFAEL DE HEREDIA;MIEMBRO_ONTA;18/06/2026 19:37;EXTRANJERO
WÂNIA DOS SANTOS NEVES;WANIAEPAMIG@YAHOO.COM.BR;EMPRESA DE PESQUISA AGROPECUÁRIA DE MINAS GERAIS;AGRONOMIA;VIÇOSA;NO_MIEMBRO;14/09/2026 21:09;EXTRANJERO
ZINTHIA NOEMI NEIRA SANCHEZ;ZINTHIA.DOC@GMAIL.COM;UNIVERSIDAD NACIONAL DE TRUJILLO;INGENIERIA AGRONOMICA;LA LIBERTAD/ TRUJILLO;NACIONAL;31/08/2026 13:14;NACIONAL
